Date,Open,High,Low,Close,Volume
11/05/2020 15:30:00,359.45,363.8,350.05,351.6,8182348
12/05/2020 15:30:00,354,356.8,337.65,343.45,7690803
13/05/2020 15:30:00,352.85,352.85,334.1,337.25,8732455
14/05/2020 15:30:00,337.25,343.5,333,335.15,8706259
15/05/2020 15:30:00,325,338.65,320.7,328.5,26971956
18/05/2020 15:30:00,329,336.8,325,331.75,11946594
19/05/2020 15:30:00,334,338.5,329.3,336.6,8104299
20/05/2020 15:30:00,335.95,349.75,334,346.85,7499821
21/05/2020 15:30:00,346.5,357.7,344.75,354.85,9872658
22/05/2020 15:30:00,355,356.85,347.6,350.3,4965522
26/05/2020 15:30:00,352.5,361,351.2,358.3,8874192
27/05/2020 15:30:00,358,363.3,347.3,350.85,7297080
28/05/2020 15:30:00,354.8,354.8,342.55,345.45,6473586
29/05/2020 15:30:00,346.15,359.15,345,354.7,46798867
01/06/2020 15:30:00,360,389.9,357.45,385.5,20555189
02/06/2020 15:30:00,389,396,381.2,382.7,11915870
03/06/2020 15:30:00,387,390,381.35,382.5,4094227
04/06/2020 15:30:00,382.5,395.75,382,393.65,7533702
05/06/2020 15:30:00,397,400.5,388.6,389.6,5323724
08/06/2020 15:30:00,393,393.9,378.35,381.25,5661410
09/06/2020 15:30:00,383,390,378,381.65,5427669
10/06/2020 15:30:00,384,393.5,382.5,389.95,5871242
11/06/2020 15:30:00,389.95,393.9,384.5,386.95,3729429
12/06/2020 15:30:00,386,396.25,381.2,384.8,7259146
15/06/2020 15:30:00,390,394.3,381.3,387.55,5516082
16/06/2020 15:30:00,389.9,393,378.05,385.1,4888349
17/06/2020 15:30:00,384.9,399.8,383,396.1,5810761
18/06/2020 15:30:00,395.95,404.6,391.2,393.85,7878288
19/06/2020 15:30:00,393.85,397.25,380.1,381.25,6460477
22/06/2020 15:30:00,385.85,391.55,383,387.55,3952489
23/06/2020 15:30:00,391,398.7,388,396.5,5777685
24/06/2020 15:30:00,399,403.7,387.6,389.9,4999774
25/06/2020 15:30:00,389,406.4,388.45,404.3,6439906
26/06/2020 15:30:00,406,410.45,399.3,401.8,6825060
29/06/2020 15:30:00,401.6,408.35,394.6,397.75,4004002
30/06/2020 15:30:00,400,401.2,388.35,390.1,3211018
01/07/2020 15:30:00,390.4,393.75,384.5,388.45,2727818
02/07/2020 15:30:00,388.45,397.45,388.4,391.95,2877135
03/07/2020 15:30:00,392,397.9,390.3,395.6,3047932
06/07/2020 15:30:00,399.05,406.35,392.65,401.85,4992143
07/07/2020 15:30:00,403.8,406.35,397.5,400.2,3194010
08/07/2020 15:30:00,401,410.35,400.4,401.75,4745612
09/07/2020 15:30:00,395.95,407.8,395.3,405.95,4085452
10/07/2020 15:30:00,400.5,420.5,400.5,414.3,9984659
13/07/2020 15:30:00,446.95,446.95,412.75,414.85,20181221
14/07/2020 15:30:00,419.8,441.25,417,437.6,26086415
15/07/2020 15:30:00,441,441,422.45,424.8,6557756
16/07/2020 15:30:00,425,432.5,416.2,426.45,5033817
17/07/2020 15:30:00,427.2,433.3,423,431.6,3695915
20/07/2020 15:30:00,433,434.9,424.35,428,3442969
21/07/2020 15:30:00,431.2,433.5,424.55,426.3,2774113
22/07/2020 15:30:00,428,441,425.7,430.7,9092887
23/07/2020 15:30:00,433.25,438.5,423.05,430.3,7095324
24/07/2020 15:30:00,428,435.6,413.55,415.15,10177556
27/07/2020 15:30:00,413.5,416.5,397.45,399.6,5594057
28/07/2020 15:30:00,401,407.5,396.5,399,4421520
29/07/2020 15:30:00,400,403.45,393,395.8,4788604
30/07/2020 15:30:00,396,404.9,395.1,403.45,6207478
31/07/2020 15:30:00,408,412.8,400.8,409.6,7274624
03/08/2020 15:30:00,411.8,416.75,407.7,411.9,5226709
04/08/2020 15:30:00,414.45,416.65,404,413.8,4147575
05/08/2020 15:30:00,415,418.8,407.2,408.2,4342571
06/08/2020 15:30:00,410.95,413.95,405.95,407.45,3597943
07/08/2020 15:30:00,409,411.85,396.05,399.45,5634992
10/08/2020 15:30:00,402.2,414.5,400.7,412.45,7028465
11/08/2020 15:30:00,415,417,406.3,407.55,5384759
12/08/2020 15:30:00,407.55,407.8,392.1,396.6,5536772
13/08/2020 15:30:00,399,401.1,391.7,393.25,4016926
14/08/2020 15:30:00,394.5,402.3,391.5,395.1,5377067
17/08/2020 15:30:00,398.8,399.65,389.35,391.25,3371658
18/08/2020 15:30:00,392.5,397,388,394.85,3100512
19/08/2020 15:30:00,397.4,402.2,394.5,396.35,3750578
20/08/2020 15:30:00,396,397.9,391.35,394.15,2563762
21/08/2020 15:30:00,397,398.15,392.55,394.05,2233107
24/08/2020 15:30:00,395.95,396.45,390.5,392.2,2093401
25/08/2020 15:30:00,394,394.6,385.5,387.4,3293330
26/08/2020 15:30:00,388.2,394.45,386.55,392.35,3691062
27/08/2020 15:30:00,394.7,397,390.6,391.35,3531298
28/08/2020 15:30:00,391.85,393.65,388,391.55,2849943
31/08/2020 15:30:00,393.8,397.9,372.25,376.15,7035041
01/09/2020 15:30:00,382.45,408,379,405.35,17386465
02/09/2020 15:30:00,405.5,413.4,402.05,411.25,9366591
03/09/2020 15:30:00,412,426.5,410.55,425.35,10173157
04/09/2020 15:30:00,421.7,434.4,418.45,420.95,12330441
07/09/2020 15:30:00,420.95,424.3,415.4,422,3966218
08/09/2020 15:30:00,421.25,424.55,413.9,415.8,2994233
09/09/2020 15:30:00,410,432,409.7,427.9,9364809
10/09/2020 15:30:00,430.6,433.9,425,430.65,3975287
11/09/2020 15:30:00,430.45,439.65,427.35,433.1,5770700
14/09/2020 15:30:00,435.3,440,426.35,430,2912856
15/09/2020 15:30:00,430,445,429,440.05,6044433
16/09/2020 15:30:00,440.05,453.9,434.55,438.65,10058926
17/09/2020 15:30:00,439,444.85,432.55,442.2,4431118
18/09/2020 15:30:00,442.75,463.9,442.75,454,11410425
21/09/2020 15:30:00,453.95,453.95,425.35,429.35,4258326
22/09/2020 15:30:00,429.15,431.65,413.5,422.05,4813418
23/09/2020 15:30:00,424.6,429,418.2,423.9,2537774
24/09/2020 15:30:00,421.6,423.4,406.1,408.25,2881986
25/09/2020 15:30:00,414.65,430.55,410.5,428,4535634
28/09/2020 15:30:00,430,452.2,428.1,450.4,7268448
29/09/2020 15:30:00,452,462.8,449.15,455.5,8425414
30/09/2020 15:30:00,455.5,463.5,444.6,447.7,4767307
01/10/2020 15:30:00,450.55,456.95,444.3,452.65,2796965
05/10/2020 15:30:00,453.6,460,448,458.35,2454225
06/10/2020 15:30:00,461.1,469.25,455.5,457.8,4423127
07/10/2020 15:30:00,457.75,463.1,448.5,452.15,2382861
08/10/2020 15:30:00,453,473.75,451.15,469.15,4296616
09/10/2020 15:30:00,473.5,478,449.5,451.9,8233144
12/10/2020 15:30:00,452,463.65,443.85,462.65,6012803
13/10/2020 15:30:00,461.9,464.45,450.5,451.5,3674721
14/10/2020 15:30:00,452,453.45,444.65,446.7,3073379
15/10/2020 15:30:00,448.05,451,431.4,433.45,3403035
16/10/2020 15:30:00,435,449.5,434.05,447.9,4502795
19/10/2020 15:30:00,448.5,448.5,434.3,437.9,3027835
20/10/2020 15:30:00,438.9,444.15,437.1,439.8,2325637
21/10/2020 15:30:00,439.05,443.5,432.5,439.6,2393158
22/10/2020 15:30:00,441.25,441.8,427.35,429.65,3242065
23/10/2020 15:30:00,420.05,430.5,415.7,417.2,7474787
26/10/2020 15:30:00,419,419.75,389.75,402.55,9674843
27/10/2020 15:30:00,401.25,415,401.25,413.6,6337477
28/10/2020 15:30:00,411.25,416.5,405,406.45,3214903
29/10/2020 15:30:00,402.55,408.85,399,403.2,2353631
30/10/2020 15:30:00,404.3,408.6,398.1,403.6,3090935
02/11/2020 15:30:00,403.6,407,395.6,404.15,2582524
03/11/2020 15:30:00,404.2,412.8,401.6,406.9,4350062
04/11/2020 15:30:00,406.95,411.9,402.35,410.5,2700433
05/11/2020 15:30:00,413,415,406.4,413.3,3442421
06/11/2020 15:30:00,415,416.9,409.8,414.8,2844165
09/11/2020 15:30:00,430,430,413.3,416,6594973
10/11/2020 15:30:00,417.55,417.8,398.05,406.15,6221362
11/11/2020 15:30:00,410,420.5,406.25,417.9,4289470
12/11/2020 15:30:00,415,427.7,413.1,422.7,4545563
13/11/2020 15:30:00,423.9,435.4,423.35,433.45,4922210
17/11/2020 15:30:00,435.05,436.35,422.9,428.15,3459673
18/11/2020 15:30:00,429.8,429.8,419.7,423,3057647
19/11/2020 15:30:00,422.15,426.8,420.35,422.75,2835931
20/11/2020 15:30:00,423.1,425.95,415,419.95,3344749
23/11/2020 15:30:00,421,425.3,417.6,420.25,7777720
24/11/2020 15:30:00,422.35,436,418.1,433.55,6936794
25/11/2020 15:30:00,440,444,418.65,420.15,6156478
26/11/2020 15:30:00,422.45,427.9,418.25,425.75,3912570
27/11/2020 15:30:00,426.1,435.1,422.3,429.35,14778896
01/12/2020 15:30:00,436.95,438.35,429.55,433.3,3028740
02/12/2020 15:30:00,435,436,427.3,430.3,2346320
03/12/2020 15:30:00,430,439.5,429.35,433.9,2909161
04/12/2020 15:30:00,435.05,444,431.45,442.65,6358494
07/12/2020 15:30:00,444.85,453.3,437,450.6,5920675
08/12/2020 15:30:00,451,459,440.55,445.45,6249683
09/12/2020 15:30:00,445.45,453.55,445.1,450.95,3297713
10/12/2020 15:30:00,452.45,457.5,446.85,453.95,2511207
11/12/2020 15:30:00,455,456.9,450,455.5,2521883
14/12/2020 15:30:00,459,461.2,450.55,454,3253116
15/12/2020 15:30:00,454.95,459.9,450,455.3,3057712
16/12/2020 15:30:00,459,462.5,455.4,460,3074459
17/12/2020 15:30:00,461.8,466,458.95,460.9,2153719
18/12/2020 15:30:00,461.4,473.15,460.2,471.95,4375062
21/12/2020 15:30:00,470,473.4,439.6,450,3273294
22/12/2020 15:30:00,447.35,464.15,437,462.15,2403391
23/12/2020 15:30:00,462.2,487.75,459.1,483.6,4958976
24/12/2020 15:30:00,486.25,486.25,472.9,481.95,2511169
28/12/2020 15:30:00,468.9,477.5,463,465.8,8802460
29/12/2020 15:30:00,476.5,476.5,457.35,460.5,7433306
30/12/2020 15:30:00,462,463.65,453.25,458.7,3511633
31/12/2020 15:30:00,459,466.95,456.6,465.4,3582436
01/01/2021 15:30:00,466,468.5,463.35,465.75,2177971
04/01/2021 15:30:00,468,469.8,464.45,467,2821496
05/01/2021 15:30:00,471.5,471.75,460.85,467.65,2558959
06/01/2021 15:30:00,467.35,469.25,453.8,459.75,2960254
07/01/2021 15:30:00,461.5,464.1,453.85,454.8,3183329
08/01/2021 15:30:00,466.15,467.95,461.25,465.65,5550289
11/01/2021 15:30:00,464.65,472.9,457.2,471.25,3550553
12/01/2021 15:30:00,472,474.35,466.1,471.75,3014910
13/01/2021 15:30:00,472,472.2,460.55,462.8,3430890
14/01/2021 15:30:00,463.1,469.3,458.55,466.45,3484973
15/01/2021 15:30:00,466.5,466.6,455,457.05,2795557
18/01/2021 15:30:00,456,459.35,440.5,448.9,2898351
19/01/2021 15:30:00,450.1,456.65,449.35,451.6,2056058
20/01/2021 15:30:00,451.6,453.9,448.05,449.8,2513241
21/01/2021 15:30:00,455,455,440.15,441.95,3617650
22/01/2021 15:30:00,422.4,423,376.3,393.75,28411474
25/01/2021 15:30:00,393.1,394.3,377.65,382.7,13627688
27/01/2021 15:30:00,380,386.95,368.55,377.55,10430905
28/01/2021 15:30:00,376.55,386.8,373,380.1,9111175
29/01/2021 15:30:00,385,386,369,371.8,6608798
01/02/2021 15:30:00,373.5,382.6,363.25,379.2,4007717
02/02/2021 15:30:00,384,394,379.1,391.5,4891113
03/02/2021 15:30:00,396.35,404.9,391.55,401.2,7249108
04/02/2021 15:30:00,402,410.9,399.75,409.9,5668584
05/02/2021 15:30:00,417.7,417.7,398.2,407.2,9808981
08/02/2021 15:30:00,407.65,413.25,406.1,409,3333450
09/02/2021 15:30:00,409,409.95,402.8,404.8,3195358
10/02/2021 15:30:00,404.4,409.85,400,408.15,2646877
11/02/2021 15:30:00,403,412.55,403,406.4,3799980
12/02/2021 15:30:00,407,411.25,403.8,408.05,2998690
15/02/2021 15:30:00,408.95,410.5,405.2,407.95,2040087
16/02/2021 15:30:00,407.95,418.6,406.25,417.4,5407782
17/02/2021 15:30:00,418.95,422.95,415.2,418.7,7395024
18/02/2021 15:30:00,418.7,424.75,414,420.1,4311757
19/02/2021 15:30:00,419.8,419.8,401.6,404,4834156
22/02/2021 15:30:00,405,406.8,395.25,397.65,3183792
23/02/2021 15:30:00,398.25,400.75,384.1,385.35,9103379
24/02/2021 15:30:00,388.8,392.45,385.35,389.5,1470901
25/02/2021 15:30:00,391.7,400.7,390.55,397.8,4350060
26/02/2021 15:30:00,393.95,401.85,387,390.2,5197606
01/03/2021 15:30:00,395,399,387.4,395.65,2691673
02/03/2021 15:30:00,397.8,399.9,392.1,398,2769928
03/03/2021 15:30:00,399,403.8,396.6,402.7,2975783
04/03/2021 15:30:00,399,407.1,398.3,399.75,1939204
05/03/2021 15:30:00,398.5,401.25,393.5,394.6,1607741
08/03/2021 15:30:00,396,396.95,391.3,393.35,1923276
09/03/2021 15:30:00,397.5,397.5,385.6,389,2605409
10/03/2021 15:30:00,392,404.45,388.7,402.55,7942179
12/03/2021 15:30:00,402.55,404.8,397.7,400.2,3756453
15/03/2021 15:30:00,401.05,401.1,387,395.75,2963338
16/03/2021 15:30:00,396,396,389.3,391.7,2743146
17/03/2021 15:30:00,391.7,393.6,386.4,388.2,2105069
18/03/2021 15:30:00,390,392.95,383.25,389.15,2764770
19/03/2021 15:30:00,386.5,398,385.85,395.7,4200208
22/03/2021 15:30:00,395.6,403.4,394.05,402.25,3713607
23/03/2021 15:30:00,403,405.7,398.05,400.75,3443734
24/03/2021 15:30:00,398,403.4,397.7,402.1,2567380
25/03/2021 15:30:00,401.8,405.8,397.35,398.5,3411079
26/03/2021 15:30:00,396.5,399,390.75,395.25,4226903
30/03/2021 15:30:00,400.9,409.5,399.05,408.45,4193149
31/03/2021 15:30:00,413,413.4,405.8,408.9,5228409
01/04/2021 15:30:00,409.2,413.2,408.8,410.55,1860699
05/04/2021 15:30:00,410.55,410.55,401.55,406.45,1318706
06/04/2021 15:30:00,406.6,415.55,405.1,414.25,2107437
07/04/2021 15:30:00,415.95,418.5,412.45,414.2,2467709
08/04/2021 15:30:00,414,416.55,411.15,413.25,2086999
09/04/2021 15:30:00,413.05,424.4,412.2,420.3,3202010
12/04/2021 15:30:00,418.7,420.5,401,404.3,3599430
13/04/2021 15:30:00,406.7,412.35,401.35,406.95,2068043
15/04/2021 15:30:00,411.9,411.9,400,404.6,2744731
16/04/2021 15:30:00,403,418.55,399.35,412.85,5669099
19/04/2021 15:30:00,412.85,412.85,399.75,406.35,4445076
20/04/2021 15:30:00,409.95,409.95,397.8,401.15,4436026
22/04/2021 15:30:00,402,404.75,398.65,399.35,3847504
23/04/2021 15:30:00,399.35,403.35,396,397.6,3386298
26/04/2021 15:30:00,401.2,401.2,395,395.5,2469336
27/04/2021 15:30:00,395,399.05,392.2,398.1,4372334
28/04/2021 15:30:00,398,399.8,387.5,390.85,11363709
29/04/2021 15:30:00,388,402.25,385.95,393.9,13684521
30/04/2021 15:30:00,391.8,391.8,378.2,379.65,9710688
03/05/2021 15:30:00,380.95,381.85,375.1,378.5,3474482
04/05/2021 15:30:00,381,382.15,372.5,373.2,3492859
05/05/2021 15:30:00,375,382.6,370.15,381.3,6252361
06/05/2021 15:30:00,382.95,384.4,377.4,379.7,3004849
07/05/2021 15:30:00,381.55,383.95,379.4,381.15,2241936
10/05/2021 15:30:00,383.05,387.45,382.45,384.5,3712233
11/05/2021 15:30:00,383.55,391.65,382.35,387.65,4098740
12/05/2021 15:30:00,387.65,390.5,384.15,385.45,2213659
14/05/2021 15:30:00,387,392.9,386.25,388.8,3423148
17/05/2021 15:30:00,393.65,393.65,384.6,385.8,2226281
18/05/2021 15:30:00,387.05,388.15,384.2,385,1749322
19/05/2021 15:30:00,383,387.5,382.8,386.65,2120283
20/05/2021 15:30:00,386.65,388.4,382.2,383.55,1321922
21/05/2021 15:30:00,384.5,386.4,381.65,382.5,1448078
24/05/2021 15:30:00,382.65,384.55,381.2,383.45,1993913
25/05/2021 15:30:00,384.5,385.6,381.05,381.55,1427832
26/05/2021 15:30:00,382.7,386.45,380.55,383.05,2349815
27/05/2021 15:30:00,383.5,384.85,380,381.9,3269387
28/05/2021 15:30:00,383,386.2,380.1,382.15,2268969
31/05/2021 15:30:00,384,389.6,382.2,388.2,3454331
01/06/2021 15:30:00,390.7,391.45,385,385.85,1748372
02/06/2021 15:30:00,386,389.2,384.5,388.1,2300520
03/06/2021 15:30:00,387.5,387.85,382.85,385.1,2896950
04/06/2021 15:30:00,385.2,387.8,383.85,384.9,1481960
07/06/2021 15:30:00,384.5,392,383.25,389.05,3314421
08/06/2021 15:30:00,390.6,403.25,390,402.45,6809356
09/06/2021 15:30:00,407.05,415.65,400.65,404.5,9635843
10/06/2021 15:30:00,406,415.5,405.85,414.75,4364390
11/06/2021 15:30:00,417.85,420.25,413,415,3376513
14/06/2021 15:30:00,415,415,405.05,412.05,1526684
15/06/2021 15:30:00,412,415.65,409.6,410.5,1344636
16/06/2021 15:30:00,410,411.2,402.5,403.25,1728594
17/06/2021 15:30:00,402,406.75,396.05,398.65,1390138
18/06/2021 15:30:00,399.5,401.9,389.05,398.95,4009623
21/06/2021 15:30:00,395.5,406.2,393.2,405.75,1549277
22/06/2021 15:30:00,407.9,409.6,400.3,401.35,2011236
23/06/2021 15:30:00,402.9,404.95,396.6,397.55,1824603
24/06/2021 15:30:00,398.2,400.9,394,395.2,1888424
25/06/2021 15:30:00,396,399.95,394.4,396.95,642550
28/06/2021 15:30:00,398.35,409.7,397.55,404.15,3019858
29/06/2021 15:30:00,406.9,411,402,407.55,2239813
30/06/2021 15:30:00,408.75,411,403.55,404.45,1217199
01/07/2021 15:30:00,404.5,409.9,403.5,406.15,1608707
02/07/2021 15:30:00,406.2,410.9,405.7,408.05,1266537
05/07/2021 15:30:00,408.1,409.6,402.5,403.4,1225126
06/07/2021 15:30:00,402,402.65,388,388.85,4329007
07/07/2021 15:30:00,386.9,394.1,385,392.1,2686889
08/07/2021 15:30:00,393,393.5,387,389.35,972707
09/07/2021 15:30:00,390,390.95,386.85,388.55,1497908
12/07/2021 15:30:00,390.7,390.7,386,387.35,1345110
13/07/2021 15:30:00,389,389,386,387.8,1211746
14/07/2021 15:30:00,387.05,400.15,386.15,399.35,3947672
15/07/2021 15:30:00,400.35,404,395.2,403.25,2772769
16/07/2021 15:30:00,404.95,413.3,403,409.3,4905898
19/07/2021 15:30:00,408.9,414.4,405.1,411.4,2649721
20/07/2021 15:30:00,412.5,414,402.5,404.25,1845582
22/07/2021 15:30:00,407.25,407.9,396.3,403,2808364
23/07/2021 15:30:00,392,401.55,387.3,398.15,5803946
26/07/2021 15:30:00,398.15,398.15,388.8,389.5,2134036
27/07/2021 15:30:00,394.95,394.95,378,379.55,4496288
28/07/2021 15:30:00,382.75,383.8,376.7,381.7,1969181
29/07/2021 15:30:00,397,404.9,380.05,382.55,7709849
30/07/2021 15:30:00,383.45,389.25,381.1,386.35,2792729
02/08/2021 15:30:00,387.3,391.8,386.45,390,2419224
03/08/2021 15:30:00,388.8,392.45,388,389.3,1072037
04/08/2021 15:30:00,388.5,391.4,383.6,385.6,1116220
05/08/2021 15:30:00,386.35,387,381.7,384.15,1233269
06/08/2021 15:30:00,384.2,386.9,382.85,383.6,945840
09/08/2021 15:30:00,383.9,385.45,380.05,382.25,730646
10/08/2021 15:30:00,383,384.45,376,379,780964
11/08/2021 15:30:00,379.95,379.95,366.05,372.65,2382866
12/08/2021 15:30:00,373,375.7,371.15,374.4,876559
13/08/2021 15:30:00,375,377,369.35,371.4,1487839
16/08/2021 15:30:00,371.75,373.25,366.2,366.95,1228973
17/08/2021 15:30:00,366.05,371,362.65,366.6,1875933
18/08/2021 15:30:00,368.9,373.7,367.05,370,1733630
20/08/2021 15:30:00,367.7,370.8,353.9,357.35,1544686
23/08/2021 15:30:00,359.3,362.35,327.55,333.2,7250084
24/08/2021 15:30:00,336,351.95,332,349.5,6358215
25/08/2021 15:30:00,350,350,343.85,347.15,1712055
26/08/2021 15:30:00,347.65,349.5,340,341,1697599
27/08/2021 15:30:00,341,348.05,339.55,346.7,1401316
30/08/2021 15:30:00,349,358,347.55,356.6,2905130
31/08/2021 15:30:00,357,360.1,352,358.85,2105520
01/09/2021 15:30:00,360,360,352.85,354.7,2210493
02/09/2021 15:30:00,356.8,359.65,354.8,358.65,1467915
03/09/2021 15:30:00,361.7,365.7,357.5,363.5,2170998
06/09/2021 15:30:00,363.8,366.25,360.05,361.5,1068045
07/09/2021 15:30:00,361.5,362.85,354.6,356.75,899814
08/09/2021 15:30:00,362,362.1,353.8,355.45,1639254
09/09/2021 15:30:00,354,357.7,350.1,352.75,1096752
13/09/2021 15:30:00,354,355,350.05,353.6,1302790
14/09/2021 15:30:00,355,356.4,353,355.7,1174007
15/09/2021 15:30:00,356.7,360,355,357.5,1208117
16/09/2021 15:30:00,357.5,379,355.85,376.75,5530580
17/09/2021 15:30:00,390,394.15,370.15,377.4,18497586
20/09/2021 15:30:00,376,376,359,360.4,3169722
21/09/2021 15:30:00,364,369.15,356,367.25,2727117
22/09/2021 15:30:00,365.2,368.5,363.25,367.55,2107108
23/09/2021 15:30:00,369,371.8,366.55,368.2,1257724
24/09/2021 15:30:00,368.5,369.85,358,360.15,1493295
27/09/2021 15:30:00,355,361.85,352.65,358.15,4098510
28/09/2021 15:30:00,359.9,366.5,357.05,361.95,2068898
29/09/2021 15:30:00,361.85,366.6,359.1,362.6,1385922
30/09/2021 15:30:00,363.5,369.05,361.15,362.7,2147714
01/10/2021 15:30:00,362,367.6,358.25,365.3,1551246
04/10/2021 15:30:00,367,370.6,364.25,364.9,1734169
05/10/2021 15:30:00,365.6,367.45,361.5,362,1114071
06/10/2021 15:30:00,362,364.2,355.85,356.4,1197301
07/10/2021 15:30:00,359.5,361.85,357.2,359.75,1040559
08/10/2021 15:30:00,361.75,363.5,358.15,358.75,1179337
11/10/2021 15:30:00,359,362,356.5,360.1,1707523
12/10/2021 15:30:00,360.1,364,357.55,358.3,1703354
13/10/2021 15:30:00,359.95,359.95,351.3,352.25,4417346
14/10/2021 15:30:00,353.75,354.6,347,347.65,2334243
18/10/2021 15:30:00,347.65,349,341.35,342.5,2870530
19/10/2021 15:30:00,342,348.75,339.2,344.4,2739563
20/10/2021 15:30:00,344.45,346.65,340.75,341.75,1610459
21/10/2021 15:30:00,346,349.8,338,344.95,4144347
22/10/2021 15:30:00,342,343,322.5,323.8,7224929
25/10/2021 15:30:00,325.05,326.9,314.8,321.3,3480754
26/10/2021 15:30:00,323,334.7,320.1,333.55,3113691
27/10/2021 15:30:00,334.7,341.45,333,337.7,2813487
28/10/2021 15:30:00,338,340.95,335,337.85,3263752
29/10/2021 15:30:00,337.85,352.5,335.5,351.1,5793111
01/11/2021 15:30:00,351.5,353.95,346.1,348.3,1940664
02/11/2021 15:30:00,348.3,350.95,343.1,345.55,1961079
03/11/2021 15:30:00,345.55,350.95,343.85,348.45,2061255
04/11/2021 19:15:00,350,352,347.2,348.65,265779
08/11/2021 15:30:00,349.5,350.95,343.55,348.75,1043298
09/11/2021 15:30:00,349.4,352.4,345.8,347,1079524
10/11/2021 15:30:00,347,351.15,346.2,347.9,1175287
11/11/2021 15:30:00,347.8,348.65,342.5,346.6,873619
12/11/2021 15:30:00,347.5,349.3,344,346.45,704956
15/11/2021 15:30:00,347.5,362.4,347.1,361.75,7501814
16/11/2021 15:30:00,361.8,370.5,360.3,369.35,6775061
17/11/2021 15:30:00,371.4,377.6,367.6,376.4,6964611
18/11/2021 15:30:00,377.4,377.4,364,366.95,3134730
22/11/2021 15:30:00,366.45,366.9,356.15,357.85,2115434
23/11/2021 15:30:00,356.45,372,351.4,365.8,3195124
24/11/2021 15:30:00,366.55,368.55,358.7,359.8,1154465
25/11/2021 15:30:00,360.15,365,356.3,362.5,1290274
26/11/2021 15:30:00,362,373.6,358.9,362.8,3526533
29/11/2021 15:30:00,362.5,371.95,347.6,364.4,2513989
30/11/2021 15:30:00,364.5,370.95,357.55,360.4,4131254
01/12/2021 15:30:00,362.2,373.9,358.1,370.7,3496010
02/12/2021 15:30:00,374.9,378.6,363,367.5,5011584
03/12/2021 15:30:00,370.95,370.95,365.35,366.85,2610184
06/12/2021 15:30:00,367,369.5,358.5,359.75,1309429
07/12/2021 15:30:00,361.6,364.8,357.55,360.2,1585988
08/12/2021 15:30:00,361,387.9,360.6,382.8,7931372
09/12/2021 15:30:00,383,386,372,372.95,4191269
10/12/2021 15:30:00,372.95,378,370.4,372.2,1732117
13/12/2021 15:30:00,374,380.5,370.7,378.5,2794613
14/12/2021 15:30:00,376.5,383.4,374.2,378.15,2419263
15/12/2021 15:30:00,379.3,381.15,373.5,375.4,1909185
16/12/2021 15:30:00,376.2,377.55,361.65,363.15,2537038
17/12/2021 15:30:00,365.4,367.25,349.4,353.25,2108444
20/12/2021 15:30:00,351,354.05,343.05,350.8,1946996
21/12/2021 15:30:00,352,357.65,349.15,350.75,1339312
22/12/2021 15:30:00,353,365.9,349.85,360.1,3069556
23/12/2021 15:30:00,360.8,376.25,360.05,374.35,6612121
24/12/2021 15:30:00,363,366,352.5,354.45,7151655
27/12/2021 15:30:00,355,357.85,351.5,356.45,2537639
28/12/2021 15:30:00,359,360.4,355.05,355.95,2072197
29/12/2021 15:30:00,355,362.35,353.8,361.65,1961291
30/12/2021 15:30:00,360.5,367.55,359,361.4,3285675
31/12/2021 15:30:00,363.95,367,361.6,364.65,1788993
03/01/2022 15:30:00,364.65,367.5,362.15,362.75,868445
04/01/2022 15:30:00,365,369.6,358.55,364.4,3115452
05/01/2022 15:30:00,366,367.9,361.75,363.35,1049204
06/01/2022 15:30:00,361,364.4,359.45,360.35,967933
07/01/2022 15:30:00,360,362.65,356.7,358.5,1182457
10/01/2022 15:30:00,356.8,359.25,353.55,358.15,1843562
11/01/2022 15:30:00,358.15,362.7,357.05,358.65,1019918
12/01/2022 15:30:00,359.15,366,356.55,364.85,1738270
13/01/2022 15:30:00,365,374.2,358.6,370.25,2924164
14/01/2022 15:30:00,370.25,374.35,356.3,357.7,4700387
17/01/2022 15:30:00,361,361,353.5,357.1,1571893
18/01/2022 15:30:00,358,359.5,347,348.7,1631061
19/01/2022 15:30:00,353.3,369.5,353.3,367.35,8460578
20/01/2022 15:30:00,366,367.9,361.5,364.2,1513144
21/01/2022 15:30:00,364,382.5,356,377.1,9950400
24/01/2022 15:30:00,377.1,379.85,367.9,372.8,4407054
25/01/2022 15:30:00,370,377.3,365.8,374.3,3877973
27/01/2022 15:30:00,372.45,374.15,357,359.4,2404382
28/01/2022 15:30:00,361.4,369.4,358.3,364.1,2352469
31/01/2022 15:30:00,365.75,377.4,363.55,367.1,2706629
01/02/2022 15:30:00,369.1,376.9,366.15,376.15,1563744
02/02/2022 15:30:00,379,389.9,378.15,387.25,4529790
03/02/2022 15:30:00,388,394.35,384.7,392.7,4692928
04/02/2022 15:30:00,393.8,395.7,389.65,391.65,2637508
07/02/2022 15:30:00,390.5,404.5,390.25,399.3,6057343
08/02/2022 15:30:00,403.9,410.7,399.7,404.6,7761396
09/02/2022 15:30:00,404.6,409.2,401.5,407.25,2428075
10/02/2022 15:30:00,406.1,408,401.25,403.7,1556043
11/02/2022 15:30:00,400,404.6,394.7,402.9,2008633
14/02/2022 15:30:00,395,402.75,392,393.55,1638123
15/02/2022 15:30:00,393.55,404.85,392.6,403.9,1702145
16/02/2022 15:30:00,404,406.85,400.25,401.85,1075794
17/02/2022 15:30:00,403,405.75,393.3,395.7,1131202
18/02/2022 15:30:00,394.95,397.2,387.65,392.7,1428851
21/02/2022 15:30:00,390.4,392.2,385,387.5,1125934
22/02/2022 15:30:00,380.95,385.5,377.25,384.3,1727260
23/02/2022 15:30:00,384.1,397.15,383.45,395.45,2297257
24/02/2022 15:30:00,389,394.85,372.9,374.15,2949622
25/02/2022 15:30:00,379.7,395.8,378.4,394.55,1945989
28/02/2022 15:30:00,394.9,394.9,347,348.85,15809887
02/03/2022 15:30:00,350,353.45,343.05,344.85,13122596
03/03/2022 15:30:00,350.45,351.5,337.6,340.05,5683175
04/03/2022 15:30:00,340,340.95,327,328.2,4510173
07/03/2022 15:30:00,326,332,319.1,330,3343221
08/03/2022 15:30:00,330,338.5,325,334.45,6020844
09/03/2022 15:30:00,337.85,339.2,332.65,337.8,3009188
10/03/2022 15:30:00,344,344,331.5,333.2,5133631
11/03/2022 15:30:00,333,335.25,328,331.95,4955659
14/03/2022 15:30:00,331.95,334.3,324.65,328.7,2757846
15/03/2022 15:30:00,331.25,336.95,325.7,327.45,4762960
16/03/2022 15:30:00,330.6,330.85,327.5,329.2,1461561
17/03/2022 15:30:00,332,332.7,330,331.45,3561872
21/03/2022 15:30:00,332,335.6,328.8,329.8,1872846
22/03/2022 15:30:00,331,335.65,328.7,334.7,1558965
23/03/2022 15:30:00,336,341.9,335.7,337.2,2868421
24/03/2022 15:30:00,337,343.25,335.2,342.3,1779377
25/03/2022 15:30:00,343.55,350.9,342,348.9,4089702
28/03/2022 15:30:00,349.95,351.9,339.55,345.7,3149400
29/03/2022 15:30:00,347.1,349.25,342,343.45,1145170
30/03/2022 15:30:00,345.85,347.6,340,341.55,2474161
31/03/2022 15:30:00,343,343.9,334.45,335.6,2009138
01/04/2022 15:30:00,339,343,335.4,341.9,2395845
04/04/2022 15:30:00,344.2,348,341.75,346.45,1627838
05/04/2022 15:30:00,347.95,350,345.3,347.3,983530
06/04/2022 15:30:00,346,352.6,346,350.3,1959648
07/04/2022 15:30:00,352,355.9,348.35,353.35,3929845
08/04/2022 15:30:00,354.55,357.8,353,355,1524533
11/04/2022 15:30:00,355,361.75,349.8,351.35,3390421
12/04/2022 15:30:00,350.65,354.6,342.3,349.15,2291502
13/04/2022 15:30:00,349.95,354.8,348.5,350.7,855439
18/04/2022 15:30:00,347.8,350.6,338.4,343.2,2986116
19/04/2022 15:30:00,344,348.45,333,337.95,2438919
20/04/2022 15:30:00,342,353.8,337.3,352.55,3702037
21/04/2022 15:30:00,352.6,375,348.6,373.95,8965603
22/04/2022 15:30:00,373.9,384.85,368.15,375.55,7481010
25/04/2022 15:30:00,371.8,383.35,371.1,380.85,4861868
26/04/2022 15:30:00,384.9,388,376.75,380.05,4954362
27/04/2022 15:30:00,379.9,383.9,372,381.95,2724204
28/04/2022 15:30:00,385,385,375.25,376.75,1707353
29/04/2022 15:30:00,377,381.7,367,368.45,3420515
02/05/2022 15:30:00,364.95,377.55,363.3,372.8,3155507
04/05/2022 15:30:00,373,376.9,364.5,367.05,2138364
05/05/2022 15:30:00,370,370,360.8,362.1,840435
06/05/2022 15:30:00,358.1,361.7,347.1,348,1273996
09/05/2022 15:30:00,340.2,349.9,337,338.55,1321944
10/05/2022 15:30:00,338.55,343.4,328.1,330.8,1277055
11/05/2022 15:30:00,332.8,336.2,327.05,334.25,1135305
12/05/2022 15:30:00,333.4,334,324.6,327.95,716609
13/05/2022 15:30:00,330,335.55,323.5,326.15,691415
16/05/2022 15:30:00,326.15,326.85,317.05,319.9,1437402
17/05/2022 15:30:00,322.65,332,320.25,330.45,1061358
18/05/2022 15:30:00,332.5,347.1,332,337.85,5155939
19/05/2022 15:30:00,334,337.8,321.55,322.5,1342321
20/05/2022 15:30:00,327.05,340.85,325.75,340,3683548
23/05/2022 15:30:00,342.05,343.8,336.35,338.05,1242086
24/05/2022 15:30:00,339,341,328,329.4,1142414
25/05/2022 15:30:00,330,332.75,322.8,324.2,1231892
26/05/2022 15:30:00,325,327.5,321,325.4,1800315
27/05/2022 15:30:00,327.5,333.7,327.1,333,895936
30/05/2022 15:30:00,335.15,340.1,332,334.05,1520296
31/05/2022 15:30:00,333.15,339.5,332.15,334.1,3592613
01/06/2022 15:30:00,334,335.7,326.15,327.7,1443964
02/06/2022 15:30:00,328.05,329.5,319.55,322.9,4452479
03/06/2022 15:30:00,325,327,319.4,320.3,1528233
06/06/2022 15:30:00,320.3,321,313.2,318.7,1951463
07/06/2022 15:30:00,317.9,319.85,314.25,316.75,1628890
08/06/2022 15:30:00,318.4,321.2,311.9,320.55,1973109
09/06/2022 15:30:00,323.4,338.55,321.55,337.15,8216222
10/06/2022 15:30:00,330.05,344,329,339,4659316
13/06/2022 15:30:00,335.25,338.8,327.6,331.05,1783868
14/06/2022 15:30:00,329,333.45,325.1,326.45,1117224
15/06/2022 15:30:00,331.8,331.8,323.3,325.5,1762878
16/06/2022 15:30:00,327.85,329.4,318.35,321.75,1456444
17/06/2022 15:30:00,320.5,321,312,314.1,1353964
20/06/2022 15:30:00,314,317.9,309.45,316.1,1642311
21/06/2022 15:30:00,317,326.5,313.5,325,1465141
22/06/2022 15:30:00,317.1,324.1,311.5,314,2795435
23/06/2022 15:30:00,315.5,328.7,312.55,326.65,3009496
24/06/2022 15:30:00,327,340,325.9,326.95,4598920
27/06/2022 15:30:00,330,332.25,319.4,319.95,2463482
28/06/2022 15:30:00,318.6,319.25,314.5,315.95,2250561
29/06/2022 15:30:00,314.9,315.15,308.05,310.2,2928101
30/06/2022 15:30:00,310.9,313,307,308.4,2216979
01/07/2022 15:30:00,308.75,312,305,311.55,1136834
04/07/2022 15:30:00,312,314.4,309.1,311.3,876910
05/07/2022 15:30:00,312,316.7,311.6,313.55,1233143
06/07/2022 15:30:00,316.8,321.5,314,321,1838655
07/07/2022 15:30:00,322,324.1,318.5,321.4,841241
08/07/2022 15:30:00,323.1,324.55,319.7,322.8,628813
11/07/2022 15:30:00,322.5,329.9,319.25,328.9,1048019
12/07/2022 15:30:00,328.2,331.9,323.9,324.45,1244564
13/07/2022 15:30:00,326,331.5,323.75,329.1,1056581
14/07/2022 15:30:00,331,335.6,327.8,331.9,1831364
15/07/2022 15:30:00,333,334.45,330.05,332.4,740797
18/07/2022 15:30:00,332.85,335.2,329.25,332.45,693547
19/07/2022 15:30:00,332.3,341.65,327.65,329.05,3775546
20/07/2022 15:30:00,331,331.75,324.5,326.05,1825208
21/07/2022 15:30:00,327,333.8,324.95,331.2,1968504
22/07/2022 15:30:00,330.25,331.85,326.1,327.55,2378460
25/07/2022 15:30:00,327,327.55,320.7,322.75,781225
26/07/2022 15:30:00,324.3,324.45,316.05,318.25,1097083
27/07/2022 15:30:00,318.25,324.3,316.6,323.3,1004738
28/07/2022 15:30:00,316,316,305.05,306.75,8467901
29/07/2022 15:30:00,308.9,309.6,305.2,307.2,4759094
01/08/2022 15:30:00,309.95,310.55,307,309.2,1775428
02/08/2022 15:30:00,309.25,312.1,307.5,311.1,1840725
03/08/2022 15:30:00,311.65,311.95,306,308.4,1605452
04/08/2022 15:30:00,309.4,314.65,308.35,314,2363017
05/08/2022 15:30:00,315,316.35,311.75,313.3,1413210
08/08/2022 15:30:00,312.75,315.5,311,313.7,1005221
10/08/2022 15:30:00,315,316.8,312.55,313.45,941323
11/08/2022 15:30:00,315.9,316.4,314,315.75,1098580
12/08/2022 15:30:00,314,315.6,310.55,311.15,1477133
16/08/2022 15:30:00,312.95,318.45,311.25,317.35,1424508
17/08/2022 15:30:00,319,319.5,316.15,317.5,1205595
18/08/2022 15:30:00,317.9,318.35,313,315,1262974
19/08/2022 15:30:00,315,315.95,307.6,308.15,2301259
22/08/2022 15:30:00,308.15,308.25,303,305.5,1994185
23/08/2022 15:30:00,305.3,308.95,303.9,306.95,1233007
24/08/2022 15:30:00,306.65,309.85,305.5,306.8,1296571
25/08/2022 15:30:00,307,308.9,306,306.5,1189693
26/08/2022 15:30:00,307,308.8,305.55,306.75,1074937
29/08/2022 15:30:00,304,304.5,298.55,303.5,1948405
30/08/2022 15:30:00,306.5,310.5,305.3,309.9,1608532
01/09/2022 15:30:00,301,304.9,297.55,301.6,3239075
02/09/2022 15:30:00,302.5,304.45,294.1,295.6,2893357
05/09/2022 15:30:00,295.6,295.8,290.65,292.8,3619567
06/09/2022 15:30:00,296,296,290.2,292.4,2326067
07/09/2022 15:30:00,292.7,303.2,291.7,302.2,2690548
08/09/2022 15:30:00,304.7,304.8,298.85,300.2,1457902
09/09/2022 15:30:00,301.55,304.75,300.25,302.15,1116425
12/09/2022 15:30:00,303,305.6,302.55,303.55,1445662
13/09/2022 15:30:00,304.2,305,302.35,303.4,1230351
14/09/2022 15:30:00,301,307.35,300.05,305.25,2500445
15/09/2022 15:30:00,305.55,307.15,297.05,299.45,2340192
16/09/2022 15:30:00,300.4,300.85,290,291.25,2749903
19/09/2022 15:30:00,292.75,292.95,286.1,290,1319012
20/09/2022 15:30:00,291.95,301.1,290.3,298.55,2482788
21/09/2022 15:30:00,297.45,298.45,289,289.35,1423489
22/09/2022 15:30:00,290,290.5,285.5,289.5,1145495
23/09/2022 15:30:00,289.5,292.65,282.95,283.8,1747197
26/09/2022 15:30:00,283.8,283.8,275.35,276.05,1352658
27/09/2022 15:30:00,277.45,281.15,273.5,280.15,1411277
28/09/2022 15:30:00,279.8,287.05,277.5,284.05,1977859
29/09/2022 15:30:00,285.5,288.7,284.25,286.85,1541227
30/09/2022 15:30:00,286.85,292.35,285.85,290.95,1858560
03/10/2022 15:30:00,290.95,296.3,286,291.75,1655669
04/10/2022 15:30:00,293,299.15,293,298.55,2244077
06/10/2022 15:30:00,298.5,298.75,290.5,291.2,2959566
07/10/2022 15:30:00,290,290,281.8,282.85,4811153
10/10/2022 15:30:00,279.5,280.15,276.1,277.4,1970884
11/10/2022 15:30:00,276,276.85,268.05,268.75,2615823
12/10/2022 15:30:00,269.5,269.5,262.25,267.45,4144672
13/10/2022 15:30:00,268.5,268.8,261.25,262.4,4126270
14/10/2022 15:30:00,265.1,266.05,260.7,261.3,2411572
17/10/2022 15:30:00,261.9,265.6,258.25,263.7,2632881
18/10/2022 15:30:00,265.05,267.6,264.45,266.8,1152193
19/10/2022 15:30:00,267.8,273.7,265,269.7,2359801
20/10/2022 15:30:00,268.2,272.8,267.35,270.55,2421174
21/10/2022 15:30:00,271.5,271.65,266.5,268.8,1080940
25/10/2022 15:30:00,270.4,273.8,267.15,272,1941410
27/10/2022 15:30:00,274,277.2,271.4,276.25,1528784
28/10/2022 15:30:00,277.65,277.65,271.7,272.6,634150
31/10/2022 15:30:00,274,276.55,269.2,269.85,1369705
01/11/2022 15:30:00,270.95,275,269.6,270.3,2436287
02/11/2022 15:30:00,271.7,272.5,267.9,268.45,3665906
03/11/2022 15:30:00,267.8,281.25,267.2,279.75,5298720
04/11/2022 15:30:00,280.8,281.8,273.15,274,2172686
07/11/2022 15:30:00,275.4,278.75,273.05,278.4,2212874
09/11/2022 15:30:00,279.05,283,277.1,279.2,2106632
10/11/2022 15:30:00,277.95,283,272,275.9,1807736
11/11/2022 15:30:00,278.5,284.4,278.05,281.05,1949030
14/11/2022 15:30:00,281,287.8,278.7,286,2662219
15/11/2022 15:30:00,286,286.95,278,283.85,4141668
16/11/2022 15:30:00,284.4,287.5,280.5,284.4,2687912
17/11/2022 15:30:00,284,286.45,282.25,285.85,1319951
18/11/2022 15:30:00,287.3,289.75,283,287.35,1722626
21/11/2022 15:30:00,295,295,283.05,285.45,1901674
22/11/2022 15:30:00,284.55,285,280,282.2,1458767
23/11/2022 15:30:00,283,283.2,279.6,280.15,1410001
24/11/2022 15:30:00,281.65,284.1,274.05,274.45,2395644
25/11/2022 15:30:00,276,282.75,275.1,282.15,1972475
28/11/2022 15:30:00,282.15,284.6,280.3,281.2,2087670
29/11/2022 15:30:00,282.5,283.5,281.85,282.1,764612
30/11/2022 15:30:00,284.9,287,280.5,282.85,6560699
01/12/2022 15:30:00,284.8,286.5,283,285.55,1127965
02/12/2022 15:30:00,285.5,285.55,282,283.55,987241
05/12/2022 15:30:00,284.2,285.3,278.9,279.45,1492167
06/12/2022 15:30:00,279.4,280.4,272.25,273.7,2383617
07/12/2022 15:30:00,274.1,276.65,272.75,275.75,1244697
08/12/2022 15:30:00,276,278,273,275.55,1261574
09/12/2022 15:30:00,276.2,277.35,270.6,272.25,865434
12/12/2022 15:30:00,272.9,274.2,269.9,270.7,975963
13/12/2022 15:30:00,272,272,265.6,266.1,2463416
14/12/2022 15:30:00,267.4,274,267,271.45,4452626
15/12/2022 15:30:00,272.45,273.8,269,270.3,1793894
16/12/2022 15:30:00,270.4,270.4,265,266.1,1190382
19/12/2022 15:30:00,267.45,267.45,261.5,263.05,1324054
20/12/2022 15:30:00,263.6,263.9,259.1,262.05,1660191
21/12/2022 15:30:00,263,272.6,262.7,271.2,4912220
22/12/2022 15:30:00,274,275.4,265.05,269.65,2390292
23/12/2022 15:30:00,271.7,277,266.1,267.05,6383847
26/12/2022 15:30:00,268.9,270.3,263.4,265.2,2370002
27/12/2022 15:30:00,266.45,266.45,263.85,265.4,1313840
28/12/2022 15:30:00,265.35,267.05,263,263.8,1368720
29/12/2022 15:30:00,264,266.85,260.2,260.8,2886509
30/12/2022 15:30:00,261.5,263.3,261.15,261.85,1010982
02/01/2023 15:30:00,261.85,264.2,258.4,263.4,1918322
03/01/2023 15:30:00,263.95,265.95,262.7,263.4,1276723
04/01/2023 15:30:00,264,264.5,260.3,260.85,1149776
05/01/2023 15:30:00,262,262.15,259.45,260.2,1262638
06/01/2023 15:30:00,260.8,261.45,254.55,256.35,2352217
09/01/2023 15:30:00,257.5,259,255.1,256.8,1334267
10/01/2023 15:30:00,257,259.9,256.65,257.9,1043545
11/01/2023 15:30:00,258,258.7,251,251.55,2705579
12/01/2023 15:30:00,251.9,252.8,248.35,250.3,1776838
13/01/2023 15:30:00,250.3,253,246.25,252.05,2003170
16/01/2023 15:30:00,253,254,249,250.45,1312173
17/01/2023 15:30:00,250.45,251.5,247.55,249.35,918909
18/01/2023 15:30:00,249.95,250.55,248,249.65,734471
19/01/2023 15:30:00,249.7,250.95,247.75,249.2,844207
20/01/2023 15:30:00,249.15,250.4,244.45,244.95,1225843
23/01/2023 15:30:00,245.2,249.6,245.2,248.35,1263514
24/01/2023 15:30:00,249.75,250.4,245.5,246.15,859906
25/01/2023 15:30:00,245.95,246.2,234.3,235.2,3603904
27/01/2023 15:30:00,237,240,232.65,235.5,6734102
30/01/2023 15:30:00,235.5,236,229.65,233.45,1975246
31/01/2023 15:30:00,235,236,232.45,235.05,1215429
01/02/2023 15:30:00,237,243.95,236.35,239.7,3814127
02/02/2023 15:30:00,238.5,241.7,236.8,239.25,1593164
03/02/2023 15:30:00,239.95,240,230.25,233.25,1479173
06/02/2023 15:30:00,233,244.85,231.75,241.05,3621954
07/02/2023 15:30:00,242.25,242.25,236.65,237.75,907564
08/02/2023 15:30:00,238.5,245.45,235.6,244.1,2197586
09/02/2023 15:30:00,241.65,244.95,240.95,243.15,1746290
10/02/2023 15:30:00,242.4,244.5,239.55,242.35,2898885
13/02/2023 15:30:00,242.95,244.85,237.05,237.7,1676915
14/02/2023 15:30:00,238.2,238.65,233.65,234.95,3846790
15/02/2023 15:30:00,233.7,239.45,230.6,238.1,5789278
16/02/2023 15:30:00,238.9,245.5,237.2,242.85,4463420
17/02/2023 15:30:00,242.7,242.7,232,232.5,4081551
20/02/2023 15:30:00,232.5,233.7,226.5,227.7,5289644
21/02/2023 15:30:00,228,229.15,225.7,227.15,2613050
22/02/2023 15:30:00,227.3,228,221.45,222.25,2512629
23/02/2023 15:30:00,223.4,223.95,219,220,4162618
24/02/2023 15:30:00,220.8,228.1,217.35,226.3,4747013
27/02/2023 15:30:00,226.3,230.4,222.5,229.6,3574047
28/02/2023 15:30:00,225,232.05,223.3,229.15,51617861
01/03/2023 15:30:00,230.8,232.7,226.85,227.15,3583078
02/03/2023 15:30:00,225.1,227.15,221.35,223.5,5807866
03/03/2023 15:30:00,223.55,226.2,222.8,225.55,3976008
06/03/2023 15:30:00,226,229.6,225.3,226.4,4048944
08/03/2023 15:30:00,227.95,227.95,222,223.6,4032570
09/03/2023 15:30:00,223.5,226.3,223.3,223.85,3943009
10/03/2023 15:30:00,223.6,224.7,220.4,223.75,3829349
13/03/2023 15:30:00,223.25,223.7,216.65,218.15,2406396
14/03/2023 15:30:00,218.15,220.35,216.15,217.8,1694587
15/03/2023 15:30:00,218.75,224.3,218.6,221.25,2460149
16/03/2023 15:30:00,222,225.65,221,221.85,2654387
17/03/2023 15:30:00,223,223.4,200,202.3,43622635
20/03/2023 15:30:00,206,209.95,198.8,201.75,12777914
21/03/2023 15:30:00,203.6,203.6,191.55,201.1,12170982
22/03/2023 15:30:00,201.15,204.2,200,203.7,4977834
23/03/2023 15:30:00,203.7,207.8,201.05,207,6145350
24/03/2023 15:30:00,207,207,196.65,198.7,6907260
27/03/2023 15:30:00,199.05,207.9,198.85,206.65,11575501
28/03/2023 15:30:00,206.65,206.8,199.25,202.5,4260256
29/03/2023 15:30:00,202,204,199.65,201.6,11020214
31/03/2023 15:30:00,202.6,208.2,202.3,206.35,3884594
03/04/2023 15:30:00,209.1,211.9,207,209.35,3426689
05/04/2023 15:30:00,207.8,215.35,206.65,212.5,7498043
06/04/2023 15:30:00,212.65,218.45,211.6,215.8,5396768
10/04/2023 15:30:00,217,217.5,213.2,215.5,2349024
11/04/2023 15:30:00,215.4,218.25,213.3,216,3201574
12/04/2023 15:30:00,217.35,227,216.25,223.65,12681754
13/04/2023 15:30:00,224.45,224.8,220.35,224.1,3557030
17/04/2023 15:30:00,224.15,224.65,222.25,223.95,3100051
18/04/2023 15:30:00,223.95,234.3,222.45,232.1,12504374
19/04/2023 15:30:00,232.6,233.2,226.8,229.4,4306899
20/04/2023 15:30:00,229.1,230.8,223.6,229.5,6045806
21/04/2023 15:30:00,229.5,230.95,227.2,228.85,2460397